Headline,URL
"Rishi Sunak apologises for leaving D-Day events early, calling it a 'mistake'",https://www.bbc.com/news/live/uk-politics-69098963
Refugees sent to Rwanda from remote UK island speak to BBC,https://www.bbc.com/news/articles/c511kkwej7jo
Australia's 'Space Gandalf' astronomer dies aged 62,https://www.bbc.com/news/articles/cl7744p258yo
India opposition accuses Modi of 'stock market scam',https://www.bbc.com/news/articles/cekkddndldeo
US cricket team defeats Pakistan in shock upset,https://www.bbc.com/sport/cricket/articles/cy990k0lwl7o
Refugees sent to Rwanda from remote UK island speak to BBC,https://www.bbc.com/news/articles/c511kkwej7jo
The devastating cost of fighting Myanmar's military dictatorship,https://www.bbc.com/news/articles/cydd87gen62o
Why two UK judges cut ties with Hong Kong's courts,https://www.bbc.com/news/articles/c722094n135o
Why is Nvidia boss the 'Taylor Swift of tech'?,https://www.bbc.com/news/articles/cq55ek28z98o
Australia's 'Space Gandalf' astronomer dies aged 62,https://www.bbc.com/news/articles/cl7744p258yo
Hunter Biden's ex-girlfriend 'panicked' after finding gun,https://www.bbc.com/news/articles/c9xxn32yr2lo
Woman sues Netflix over Baby Reindeer character,https://www.bbc.com/news/articles/c6ppe84jq6do
The right could win big in Europe – thanks to young people,https://www.bbc.com/news/articles/cqqq952e3v6o
Why is Taylor Swift so big? 'She wants it more than anyone',https://www.bbc.com/news/articles/cpvvx9lwl0do
US urges Israel to be transparent over Gaza school strike,https://www.bbc.com/news/articles/cekkd8k2gy9o
Features and analysis,https://www.bbc.com/news/articles/ckmm6jep6l7o
"Myanmar soldiers cut off tattoos and gave detainees urine to drink, witnesses tell BBC",https://www.bbc.com/news/articles/ckmm6jep6l7o
Witnesses tell of 'unimaginable' Gaza shelter air strike,https://www.bbc.com/news/articles/cp335xyymjgo
Concern rises over AI in adult entertainment,https://www.bbc.com/news/articles/c2qqxqgp9yno
Why is Nvidia boss the 'Taylor Swift of tech'?,https://www.bbc.com/news/articles/cq55ek28z98o
How Japan's biggest brewer aims to attract sober Gen Z,https://www.bbc.com/news/articles/c88z8qpq9p8o
Witnesses tell of 'unimaginable' Gaza shelter air strike,https://www.bbc.com/news/articles/cp335xyymjgo
Weekly quiz: Which runaway horse will wish the King a happy birthday?,https://www.bbc.com/news/world-69097605
D-Day absence an extraordinary own goal from the Conservatives,https://www.bbc.com/news/articles/c4nnz0w41kvo
Concern rises over AI in adult entertainment,https://www.bbc.com/news/articles/c2qqxqgp9yno
Most watched,https://www.bbc.com/news/articles/c8vvrrv1mg1o
Astronauts in Boeing capsule arrive at space station,https://www.bbc.com/news/articles/c8vvrrv1mg1o
"Choking during sex led to real violence, woman says",https://www.bbc.com/news/videos/cevvn1dpgvzo
Zelensky and D-Day veteran call each other 'hero',https://www.bbc.com/news/articles/cd11rej2qy8o
Watch: Drug dealer jumps into river to flee police,https://www.bbc.com/news/videos/cz5510vz2r6o
'Wanna feed the giraffe?' Moment toddler grabbed from truck,https://www.bbc.com/news/videos/cl44z1ne6e1o
Also in news,https://www.bbc.com/news/articles/cp99l9gpzwgo
Hiker finds pipe feeding China's tallest waterfall,https://www.bbc.com/news/articles/cp99l9gpzwgo
Shark seen regurgitating echidna in surprising first,https://www.bbc.com/news/articles/cv22qyv54gdo
Zelensky and D-Day veteran call each other 'hero',https://www.bbc.com/news/articles/cd11rej2qy8o
Prince Harry can appeal against UK security ruling,https://www.bbc.com/news/articles/c7228zd319lo
Premier League clubs vote in favour of keeping VAR,https://www.bbc.com/sport/football/articles/ck55eg44n1do
Shark seen regurgitating echidna in surprising first,https://www.bbc.com/news/articles/cv22qyv54gdo
‘Cold lava’ floods Philippines village after eruption,https://www.bbc.com/news/videos/c3gg5g0z4g6o
'Lion' pouts and baptisms: Africa's top shots,https://www.bbc.com/news/articles/c8441wy2y77o
Zelensky and D-Day veteran call each other 'hero',https://www.bbc.com/news/articles/cd11rej2qy8o
Most read,https://www.bbc.com/news/articles/cl552xdq79do
Divers join search for missing Michael Mosley,https://www.bbc.com/news/articles/cl552xdq79do
Search under way after TV presenter Michael Mosley goes missing in Greece,https://www.bbc.com/news/articles/cerr19d0z0go
Refugees sent to Rwanda from remote UK island speak to BBC,https://www.bbc.com/news/articles/c511kkwej7jo
Woman sues Netflix over Baby Reindeer character,https://www.bbc.com/news/articles/c6ppe84jq6do
Hiker finds pipe feeding China's tallest waterfall,https://www.bbc.com/news/articles/cp99l9gpzwgo
India opposition accuses Modi of 'stock market scam',https://www.bbc.com/news/articles/cekkddndldeo
Hunter Biden's ex-girlfriend 'panicked' after finding gun,https://www.bbc.com/news/articles/c9xxn32yr2lo
Concern rises over AI in adult entertainment,https://www.bbc.com/news/articles/c2qqxqgp9yno
Australia's 'Space Gandalf' astronomer dies aged 62,https://www.bbc.com/news/articles/cl7744p258yo
Why is Taylor Swift so big? 'She wants it more than anyone',https://www.bbc.com/news/articles/cpvvx9lwl0do
Sport,https://www.bbc.com/sport/football/live/c9xxn531wljt
Euro 2024 build-up: England squad reaction & Scotland latest,https://www.bbc.com/sport/football/live/c9xxn531wljt
Sensational upset awakens USA from 100-year cricketing hibernation,https://www.bbc.com/sport/cricket/articles/cy990k0lwl7o
'Unbelievable win over Pakistan a big day for US cricket',https://www.bbc.com/sport/cricket/videos/cj55e9e8j5po
Scotland to cut Gordon & Souttar from Euros squad,https://www.bbc.com/sport/football/articles/cjmm73ny1ddo
Alcaraz v Sinner 'the match everybody wants to watch',https://www.bbc.com/sport/tennis/articles/ce99x0vye4zo
Sensational upset awakens USA from 100-year cricketing hibernation,https://www.bbc.com/sport/cricket/articles/cy990k0lwl7o
Celtics dominate Mavericks in game one of NBA Finals,https://www.bbc.com/sport/basketball/articles/c299rz3x27jo
What next for Grealish after England omission?,https://www.bbc.com/sport/football/articles/c2xxpkk3gvxo
'Unbelievable win over Pakistan a big day for US cricket',https://www.bbc.com/sport/cricket/videos/cj55e9e8j5po
